Column 0,Column 1,BLANK SEPARATION COLUMN,Column 0,Column 1,BLANK SEPARATION COLUMN,Column 0,Column 1
200,-0.13,,200,0.07,,200,0.11
202.4,0.13,,202.4,0.25,,202.4,0.11
204.8,0.29,,204.8,0.11,,204.8,0
207.21,0.22,,207.21,-0.01,,207.21,0.17
209.61,-0.08,,209.61,0.07,,209.61,0.27
212.01,0.01,,212.01,-0.03,,212.01,0.22
214.41,-0.01,,214.41,0.25,,214.41,0.06
216.82,0.08,,216.82,0.03,,216.82,0.2
219.22,0.13,,219.22,0.13,,219.22,0.04
221.62,0.09,,221.62,0.17,,221.62,-0.11
224.02,0.02,,224.02,-0.14,,224.02,0.1
226.43,-0.07,,226.43,0.15,,226.43,0.03
228.83,-0.02,,228.83,-0.06,,228.83,0.15
231.23,-0.01,,231.23,0.15,,231.23,0.17
233.63,0.14,,233.63,0.14,,233.63,-0.19
236.04,0.1,,236.04,0.07,,236.04,0.21
238.44,0.03,,238.44,0.15,,238.44,-0.07
240.84,0.37,,240.84,0.05,,240.84,-0.08
243.24,0.07,,243.24,0.09,,243.24,0.17
245.65,0.04,,245.65,-0.03,,245.65,0.13
248.05,0.1,,248.05,0.05,,248.05,0.25
250.45,-0.01,,250.45,0.1,,250.45,0.22
252.85,0.08,,252.85,0.06,,252.85,0.06
255.26,0.11,,255.26,0.27,,255.26,-0.02
257.66,0.09,,257.66,0.02,,257.66,0.2
260.06,0.08,,260.06,0.02,,260.06,-0.05
262.46,0.15,,262.46,-0.01,,262.46,0.05
264.86,0.16,,264.86,0.15,,264.86,0.12
267.27,0.14,,267.27,0.11,,267.27,0.16
269.67,0.17,,269.67,0.28,,269.67,-0.05
272.07,0.16,,272.07,0.24,,272.07,0.31
274.47,0.09,,274.47,0.07,,274.47,0.15
276.88,0.19,,276.88,0.33,,276.88,0.07
279.28,0.13,,279.28,-0.06,,279.28,0.04
281.68,-0.02,,281.68,0.13,,281.68,0.11
284.08,0.06,,284.08,0.13,,284.08,-0.13
286.49,0.08,,286.49,0.09,,286.49,0.08
288.89,-0.1,,288.89,0.21,,288.89,0.17
291.29,0.09,,291.29,-0.07,,291.29,0.15
293.69,0.13,,293.69,0.08,,293.69,0.03
296.1,0.12,,296.1,0.01,,296.1,0.08
298.5,0.24,,298.5,0.12,,298.5,-0.1
300.9,0.14,,300.9,0.11,,300.9,0.04
303.3,0.04,,303.3,0.09,,303.3,-0.04
305.71,-0.05,,305.71,-0.07,,305.71,-0.04
308.11,0.2,,308.11,0.28,,308.11,0.13
310.51,0.11,,310.51,0.08,,310.51,-0.01
312.91,0.23,,312.91,0.07,,312.91,0.05
315.32,0.11,,315.32,0.07,,315.32,0.02
317.72,-0.02,,317.72,0.08,,317.72,0.11
320.12,0.26,,320.12,0.01,,320.12,0.09
322.52,0.13,,322.52,0.03,,322.52,0.04
324.92,-0.03,,324.92,0.08,,324.92,0.05
327.33,0.37,,327.33,0.12,,327.33,-0.08
329.73,0.24,,329.73,0.2,,329.73,-0.11
332.13,0.18,,332.13,0.02,,332.13,0.09
334.53,-0.04,,334.53,0.15,,334.53,0.05
336.94,0.13,,336.94,-0.12,,336.94,0.13
339.34,0.14,,339.34,0.08,,339.34,0.03
341.74,0.15,,341.74,0.14,,341.74,-0.01
344.14,0.09,,344.14,-0.03,,344.14,0.14
346.55,0.02,,346.55,0.21,,346.55,0.04
348.95,0.29,,348.95,0.22,,348.95,0.08
351.35,0.14,,351.35,0.05,,351.35,0.15
353.75,-0.21,,353.75,0.23,,353.75,-0.04
356.16,0.1,,356.16,0.15,,356.16,0.09
358.56,0.17,,358.56,0.1,,358.56,-0.06
360.96,0.17,,360.96,0.17,,360.96,-0.08
363.36,0.09,,363.36,0.05,,363.36,0.19
365.77,0.19,,365.77,0.09,,365.77,0.23
368.17,0.13,,368.17,0.23,,368.17,-0.24
370.57,0.1,,370.57,-0.02,,370.57,0.27
372.97,0.05,,372.97,0.14,,372.97,0.08
375.38,0.25,,375.38,0.06,,375.38,0.09
377.78,0.27,,377.78,0.12,,377.78,0.15
380.18,0.08,,380.18,0.07,,380.18,0.21
382.58,0.06,,382.58,0.13,,382.58,0.07
384.98,0.14,,384.98,0.27,,384.98,-0.01
387.39,0.15,,387.39,-0.01,,387.39,0.21
389.79,0.18,,389.79,0.05,,389.79,0.08
392.19,0.08,,392.19,0.23,,392.19,0.17
394.59,0.12,,394.59,-0.02,,394.59,0.11
397,0.24,,397,0.1,,397,0.09
399.4,0.35,,399.4,-0.03,,399.4,0
401.8,0.1,,401.8,0.04,,401.8,0.05
404.2,-0.07,,404.2,0.14,,404.2,-0.03
406.61,0.08,,406.61,-0.1,,406.61,0.07
409.01,0.06,,409.01,0.1,,409.01,0.05
411.41,-0.07,,411.41,0.16,,411.41,0.16
413.81,0.18,,413.81,0.12,,413.81,0.07
416.22,0.03,,416.22,0.08,,416.22,0.1
418.62,0.03,,418.62,0.24,,418.62,-0.01
421.02,0.01,,421.02,0.27,,421.02,0.07
423.42,0.19,,423.42,0.11,,423.42,0.22
425.83,0.29,,425.83,0.01,,425.83,0.06
428.23,0.13,,428.23,0.09,,428.23,0.06
430.63,-0.05,,430.63,0.15,,430.63,0.15
433.03,-0.07,,433.03,0.12,,433.03,0.19
435.44,0.29,,435.44,0.01,,435.44,0.04
437.84,-0.03,,437.84,0.07,,437.84,0.09
440.24,0.3,,440.24,0.06,,440.24,0.19
442.64,0.05,,442.64,0.11,,442.64,0.15
445.05,0.15,,445.05,0.12,,445.05,-0.01
447.45,0.12,,447.45,0.18,,447.45,0.3
449.85,-0.03,,449.85,0.04,,449.85,0.12
452.25,0.1,,452.25,0.08,,452.25,-0.12
454.65,0.17,,454.65,0.1,,454.65,0.15
457.06,0.19,,457.06,0.17,,457.06,0.12
459.46,0.15,,459.46,0.18,,459.46,0.1
461.86,0.1,,461.86,0.14,,461.86,0.18
464.26,0.12,,464.26,0.19,,464.26,0.14
466.67,-0.09,,466.67,0.2,,466.67,0
469.07,0.11,,469.07,0.23,,469.07,0.15
471.47,-0.06,,471.47,0.11,,471.47,0.16
473.87,0.23,,473.87,0.08,,473.87,0.01
476.28,0.12,,476.28,0.16,,476.28,-0.05
478.68,0.19,,478.68,0.12,,478.68,0.09
481.08,0.12,,481.08,0.03,,481.08,0.13
483.48,0.09,,483.48,0.02,,483.48,0.07
485.89,0.13,,485.89,0.15,,485.89,0.09
488.29,0.04,,488.29,0.14,,488.29,0.2
490.69,0.19,,490.69,0.27,,490.69,-0.12
493.09,0.14,,493.09,0.17,,493.09,0.09
495.5,-0.19,,495.5,0.09,,495.5,0.02
497.9,0.03,,497.9,0.04,,497.9,0.18
500.3,0.01,,500.3,0.15,,500.3,0.18
502.7,0.1,,502.7,0.16,,502.7,0.03
505.11,0.09,,505.11,0.3,,505.11,0.08
507.51,-0.01,,507.51,0.2,,507.51,0.1
509.91,0.03,,509.91,-0.13,,509.91,0.04
512.31,0.11,,512.31,0.11,,512.31,0.18
514.71,0.29,,514.71,0.1,,514.71,0.15
517.12,0.31,,517.12,0.19,,517.12,0.2
519.52,0.07,,519.52,0.16,,519.52,0
521.92,0.2,,521.92,0.17,,521.92,0.17
524.32,0.01,,524.32,0.16,,524.32,0.22
526.73,-0.03,,526.73,0.01,,526.73,0.07
529.13,-0.01,,529.13,0.04,,529.13,-0.07
531.53,0.12,,531.53,0.27,,531.53,0.31
533.93,0.03,,533.93,0.18,,533.93,0.08
536.34,0.16,,536.34,0.11,,536.34,0.18
538.74,0.15,,538.74,0.27,,538.74,0.16
541.14,0.05,,541.14,-0.01,,541.14,0.03
543.54,0.19,,543.54,0.13,,543.54,0.21
545.95,0.06,,545.95,0.09,,545.95,0
548.35,0.11,,548.35,0.24,,548.35,0.03
550.75,0.07,,550.75,0.06,,550.75,0.12
553.15,0.13,,553.15,0.11,,553.15,0.26
555.56,-0.06,,555.56,0.08,,555.56,0.02
557.96,-0.13,,557.96,0.02,,557.96,0.1
560.36,0.3,,560.36,0.17,,560.36,0.14
562.76,0.08,,562.76,0.03,,562.76,0.22
565.17,-0.01,,565.17,0.18,,565.17,0.18
567.57,0.29,,567.57,0.12,,567.57,0.22
569.97,0.12,,569.97,-0.01,,569.97,0.23
572.37,0.1,,572.37,0.08,,572.37,0.2
574.77,0.22,,574.77,0.03,,574.77,0.13
577.18,0.28,,577.18,0.19,,577.18,0.25
579.58,0.4,,579.58,0.18,,579.58,0.17
581.98,0.06,,581.98,0.35,,581.98,0.08
584.38,0.23,,584.38,0.04,,584.38,0.16
586.79,0.09,,586.79,0.11,,586.79,0.38
589.19,0.02,,589.19,0.19,,589.19,0.07
591.59,0.26,,591.59,0.3,,591.59,0.13
593.99,0.24,,593.99,0.2,,593.99,-0.11
596.4,0.32,,596.4,0.04,,596.4,0.27
598.8,0.02,,598.8,-0.03,,598.8,0.3
601.2,0.1,,601.2,0.23,,601.2,0.1
603.6,0.19,,603.6,0.03,,603.6,0.23
606.01,0.27,,606.01,0.03,,606.01,0.2
608.41,0.13,,608.41,0.18,,608.41,0.22
610.81,0.32,,610.81,0.15,,610.81,-0.04
613.21,-0.02,,613.21,0,,613.21,0.27
615.62,0.14,,615.62,0.19,,615.62,0.38
618.02,0.12,,618.02,0.1,,618.02,0.36
620.42,-0.07,,620.42,0.01,,620.42,-0.04
622.82,0.2,,622.82,0.28,,622.82,0.21
625.23,0.2,,625.23,0.18,,625.23,0.46
627.63,0.11,,627.63,0.07,,627.63,0.12
630.03,0.38,,630.03,0.11,,630.03,0.27
632.43,0.04,,632.43,0.38,,632.43,0
634.83,0.09,,634.83,0.27,,634.83,0.15
637.24,0.21,,637.24,0.3,,637.24,0.22
639.64,0.13,,639.64,0.18,,639.64,0.07
642.04,0.04,,642.04,0.29,,642.04,0.28
644.44,0.3,,644.44,0.28,,644.44,0.35
646.85,0.11,,646.85,0.2,,646.85,0.19
649.25,0.14,,649.25,0.26,,649.25,0.14
651.65,0.33,,651.65,0.39,,651.65,-0.12
654.05,0.2,,654.05,0.26,,654.05,0.09
656.46,0.07,,656.46,0.11,,656.46,0.23
658.86,0.11,,658.86,0.19,,658.86,0.13
661.26,0.1,,661.26,0.22,,661.26,0.19
663.66,0.02,,663.66,0.18,,663.66,0.02
666.07,0.27,,666.07,0.23,,666.07,0.23
668.47,0.35,,668.47,0.14,,668.47,0.13
670.87,0.33,,670.87,0.02,,670.87,0.28
673.27,0.19,,673.27,0.33,,673.27,0.16
675.68,0.03,,675.68,0.39,,675.68,0.07
678.08,0.27,,678.08,0.36,,678.08,0.26
680.48,0.28,,680.48,0.27,,680.48,0.17
682.88,0.22,,682.88,0.2,,682.88,0.2
685.29,0.37,,685.29,-0.06,,685.29,0.28
687.69,0.25,,687.69,0.27,,687.69,0.07
690.09,0,,690.09,0.32,,690.09,0.25
692.49,0.32,,692.49,0.32,,692.49,0.14
694.89,-0.02,,694.89,0.03,,694.89,0.04
697.3,0.1,,697.3,0.29,,697.3,0.15
699.7,0.18,,699.7,0.33,,699.7,0.2
702.1,0.27,,702.1,0.1,,702.1,0.04
704.5,0.21,,704.5,0.31,,704.5,0.24
706.91,0.13,,706.91,0.19,,706.91,0.2
709.31,0.19,,709.31,0.15,,709.31,0.32
711.71,0.22,,711.71,0.12,,711.71,0.22
714.11,0.29,,714.11,-0.06,,714.11,0.11
716.52,0.22,,716.52,0,,716.52,0.18
718.92,0.11,,718.92,0.34,,718.92,0.12
721.32,0.22,,721.32,0.22,,721.32,0.22
723.72,0.3,,723.72,0.19,,723.72,0.17
726.13,0.28,,726.13,0.11,,726.13,0.33
728.53,0.3,,728.53,0.23,,728.53,0.11
730.93,0.26,,730.93,0.14,,730.93,0.19
733.33,0.37,,733.33,0.18,,733.33,0.25
735.74,0.27,,735.74,0.23,,735.74,0.23
738.14,0.26,,738.14,0.26,,738.14,0.09
740.54,0.36,,740.54,0.31,,740.54,0.21
742.94,0.26,,742.94,0.2,,742.94,0.27
745.35,0.19,,745.35,0.32,,745.35,0.3
747.75,0.31,,747.75,0.32,,747.75,0.2
750.15,0.19,,750.15,0.37,,750.15,0.18
752.55,0.18,,752.55,0.28,,752.55,0.15
754.95,0.17,,754.95,0.36,,754.95,0.34
757.36,0.14,,757.36,0.2,,757.36,0.1
759.76,0.2,,759.76,0.19,,759.76,0.19
762.16,0.15,,762.16,0.33,,762.16,0.06
764.56,0.3,,764.56,0.42,,764.56,0.35
766.97,0.22,,766.97,0.26,,766.97,0.17
769.37,0.16,,769.37,0.17,,769.37,0.13
771.77,0.16,,771.77,0.13,,771.77,0.12
774.17,0.17,,774.17,0.28,,774.17,0.04
776.58,0.36,,776.58,0.24,,776.58,0.25
778.98,0.29,,778.98,0.15,,778.98,0.26
781.38,0.18,,781.38,0.48,,781.38,0.34
783.78,0.13,,783.78,0.16,,783.78,0.22
786.19,0.2,,786.19,0.19,,786.19,0.12
788.59,0.39,,788.59,0.24,,788.59,0.32
790.99,0.28,,790.99,0.49,,790.99,0.51
793.39,0.12,,793.39,0.17,,793.39,0.21
795.8,0.44,,795.8,0.08,,795.8,0.35
798.2,0.26,,798.2,0.43,,798.2,0.34
800.6,0.15,,800.6,0.51,,800.6,0.17
803,0.38,,803,0.32,,803,0.03
805.41,0.41,,805.41,0.35,,805.41,0.48
807.81,0.23,,807.81,0.36,,807.81,0.05
810.21,0.21,,810.21,0.15,,810.21,0.31
812.61,0.2,,812.61,0.32,,812.61,0.15
815.02,0.38,,815.02,0.3,,815.02,0.4
817.42,0.18,,817.42,0.35,,817.42,0.29
819.82,0.23,,819.82,0.22,,819.82,0.47
822.22,0.45,,822.22,0.14,,822.22,0.07
824.62,0.28,,824.62,0.37,,824.62,0.32
827.03,0.36,,827.03,0.37,,827.03,0.39
829.43,0.2,,829.43,0.23,,829.43,0.29
831.83,0.45,,831.83,0.2,,831.83,0.32
834.23,0.33,,834.23,0.29,,834.23,0.22
836.64,0.26,,836.64,0.45,,836.64,0.19
839.04,0.39,,839.04,0.33,,839.04,0.36
841.44,0.41,,841.44,0.27,,841.44,0.45
843.84,0.24,,843.84,0.25,,843.84,0.26
846.25,0.28,,846.25,0.39,,846.25,0.24
848.65,0.22,,848.65,0.17,,848.65,0.23
851.05,0.19,,851.05,0.61,,851.05,0.37
853.45,0.36,,853.45,0.16,,853.45,0.39
855.86,0.53,,855.86,0.35,,855.86,0.34
858.26,0.17,,858.26,0.42,,858.26,0.31
860.66,0.21,,860.66,0.41,,860.66,0.3
863.06,0.26,,863.06,0.35,,863.06,0.35
865.47,0.27,,865.47,0.21,,865.47,0.37
867.87,0.27,,867.87,0.26,,867.87,0.38
870.27,0.26,,870.27,0.32,,870.27,0.31
872.67,0.34,,872.67,0.33,,872.67,0.39
875.08,0.34,,875.08,0.42,,875.08,0.43
877.48,0.19,,877.48,0.41,,877.48,0.55
879.88,0.21,,879.88,0.31,,879.88,0.37
882.28,0.28,,882.28,0.31,,882.28,0.33
884.68,0.36,,884.68,0.4,,884.68,0.31
887.09,0.36,,887.09,0.41,,887.09,0.32
889.49,0.48,,889.49,0.43,,889.49,0.09
891.89,0.49,,891.89,0.4,,891.89,0.35
894.29,0.32,,894.29,0.38,,894.29,0.28
896.7,0.23,,896.7,0.29,,896.7,0.3
899.1,0.42,,899.1,0.38,,899.1,0.36
901.5,0.33,,901.5,0.43,,901.5,0.34
903.9,0.31,,903.9,0.46,,903.9,0.38
906.31,0.47,,906.31,0.26,,906.31,0.37
908.71,0.58,,908.71,0.3,,908.71,0.33
911.11,0.51,,911.11,0.52,,911.11,0.54
913.51,0.27,,913.51,0.46,,913.51,0.55
915.92,0.3,,915.92,0.48,,915.92,0.33
918.32,0.4,,918.32,0.58,,918.32,0.3
920.72,0.48,,920.72,0.42,,920.72,0.56
923.12,0.24,,923.12,0.45,,923.12,0.59
925.53,0.28,,925.53,0.56,,925.53,0.39
927.93,0.36,,927.93,0.64,,927.93,0.41
930.33,0.57,,930.33,0.56,,930.33,0.52
932.73,0.38,,932.73,0.6,,932.73,0.49
935.14,0.52,,935.14,0.49,,935.14,0.43
937.54,0.41,,937.54,0.71,,937.54,0.6
939.94,0.47,,939.94,0.69,,939.94,0.63
942.34,0.47,,942.34,0.71,,942.34,0.54
944.74,0.4,,944.74,0.48,,944.74,0.55
947.15,0.52,,947.15,0.36,,947.15,0.63
949.55,0.56,,949.55,0.74,,949.55,0.38
951.95,0.26,,951.95,0.67,,951.95,0.61
954.35,0.44,,954.35,0.67,,954.35,0.85
956.76,0.52,,956.76,0.62,,956.76,0.51
959.16,0.56,,959.16,0.66,,959.16,0.6
961.56,0.54,,961.56,0.52,,961.56,0.55
963.96,0.43,,963.96,0.76,,963.96,0.76
966.37,0.6,,966.37,0.86,,966.37,0.8
968.77,0.5,,968.77,0.75,,968.77,0.63
971.17,0.73,,971.17,0.72,,971.17,0.82
973.57,0.67,,973.57,0.71,,973.57,0.73
975.98,0.65,,975.98,0.9,,975.98,0.71
978.38,0.7,,978.38,0.81,,978.38,0.79
980.78,0.65,,980.78,0.76,,980.78,0.62
983.18,0.74,,983.18,0.87,,983.18,0.68
985.59,0.7,,985.59,0.99,,985.59,0.88
987.99,0.71,,987.99,0.76,,987.99,0.76
990.39,0.61,,990.39,0.82,,990.39,0.56
992.79,0.59,,992.79,0.93,,992.79,0.89
995.2,0.61,,995.2,1.01,,995.2,0.97
997.6,0.57,,997.6,1.1,,997.6,0.96
1000,0.82,,1000,1.15,,1000,0.89
1002.4,0.88,,1002.4,1.07,,1002.4,0.95
1004.8,0.91,,1004.8,1.06,,1004.8,0.95
1007.21,0.76,,1007.21,1.22,,1007.21,1.01
1009.61,0.87,,1009.61,1.22,,1009.61,1.07
1012.01,1.01,,1012.01,1.25,,1012.01,1.11
1014.41,0.77,,1014.41,1.22,,1014.41,1.2
1016.82,1.04,,1016.82,1.25,,1016.82,1.03
1019.22,0.82,,1019.22,1.31,,1019.22,1.26
1021.62,0.79,,1021.62,1.29,,1021.62,1.38
1024.02,0.99,,1024.02,1.36,,1024.02,1.31
1026.43,1.04,,1026.43,1.41,,1026.43,1.17
1028.83,0.97,,1028.83,1.46,,1028.83,1.26
1031.23,0.97,,1031.23,1.32,,1031.23,1.45
1033.63,1.11,,1033.63,1.31,,1033.63,1.6
1036.04,1.07,,1036.04,1.51,,1036.04,1.46
1038.44,0.99,,1038.44,1.64,,1038.44,1.59
1040.84,1.24,,1040.84,1.83,,1040.84,1.6
1043.24,1.11,,1043.24,1.74,,1043.24,1.53
1045.65,1.16,,1045.65,1.63,,1045.65,1.63
1048.05,0.97,,1048.05,1.94,,1048.05,1.7
1050.45,1.1,,1050.45,1.89,,1050.45,1.67
1052.85,1.22,,1052.85,1.85,,1052.85,1.78
1055.26,1.13,,1055.26,1.84,,1055.26,1.81
1057.66,1.32,,1057.66,1.96,,1057.66,1.91
1060.06,1.29,,1060.06,1.79,,1060.06,1.94
1062.46,1.46,,1062.46,1.98,,1062.46,2.11
1064.86,1.45,,1064.86,2.07,,1064.86,2.11
1067.27,1.43,,1067.27,2.27,,1067.27,2.02
1069.67,1.38,,1069.67,2.2,,1069.67,2.13
1072.07,1.25,,1072.07,2.26,,1072.07,2.13
1074.47,1.49,,1074.47,2.35,,1074.47,2.15
1076.88,1.42,,1076.88,2.52,,1076.88,2.16
1079.28,1.58,,1079.28,2.51,,1079.28,2.24
1081.68,1.59,,1081.68,2.6,,1081.68,2.35
1084.08,1.51,,1084.08,2.63,,1084.08,2.39
1086.49,1.55,,1086.49,2.68,,1086.49,2.34
1088.89,1.51,,1088.89,2.7,,1088.89,2.55
1091.29,1.78,,1091.29,2.84,,1091.29,2.63
1093.69,1.62,,1093.69,2.86,,1093.69,2.79
1096.1,1.9,,1096.1,3.12,,1096.1,2.84
1098.5,1.71,,1098.5,2.95,,1098.5,2.86
1100.9,1.97,,1100.9,3.02,,1100.9,2.77
1103.3,1.85,,1103.3,3.07,,1103.3,2.71
1105.71,1.8,,1105.71,3.32,,1105.71,2.91
1108.11,2.01,,1108.11,3.46,,1108.11,3.01
1110.51,2.1,,1110.51,3.43,,1110.51,3.04
1112.91,2.02,,1112.91,3.41,,1112.91,3.11
1115.32,1.95,,1115.32,3.46,,1115.32,3.06
1117.72,2.09,,1117.72,3.23,,1117.72,3.35
1120.12,2.37,,1120.12,3.55,,1120.12,3.29
1122.52,2.19,,1122.52,3.57,,1122.52,3.24
1124.92,2.31,,1124.92,3.59,,1124.92,3.49
1127.33,2.3,,1127.33,3.83,,1127.33,3.6
1129.73,2.35,,1129.73,3.86,,1129.73,3.35
1132.13,2.21,,1132.13,3.68,,1132.13,3.73
1134.53,2.38,,1134.53,4.04,,1134.53,3.64
1136.94,2.44,,1136.94,3.97,,1136.94,3.64
1139.34,2.42,,1139.34,4.18,,1139.34,3.82
1141.74,2.62,,1141.74,4.17,,1141.74,4
1144.14,2.31,,1144.14,4.2,,1144.14,3.98
1146.55,2.33,,1146.55,4.35,,1146.55,3.9
1148.95,2.59,,1148.95,4.24,,1148.95,3.97
1151.35,2.51,,1151.35,4.3,,1151.35,4.15
1153.75,2.53,,1153.75,4.34,,1153.75,4.28
1156.16,2.63,,1156.16,4.48,,1156.16,4.33
1158.56,2.9,,1158.56,4.55,,1158.56,4.37
1160.96,2.79,,1160.96,4.47,,1160.96,4.17
1163.36,2.94,,1163.36,4.67,,1163.36,4.39
1165.77,2.89,,1165.77,4.67,,1165.77,4.46
1168.17,3.05,,1168.17,4.73,,1168.17,4.68
1170.57,2.81,,1170.57,4.76,,1170.57,4.55
1172.97,2.97,,1172.97,4.89,,1172.97,4.64
1175.38,3.06,,1175.38,4.96,,1175.38,4.6
1177.78,3.21,,1177.78,5.04,,1177.78,4.67
1180.18,3.18,,1180.18,4.99,,1180.18,4.83
1182.58,3.29,,1182.58,5.3,,1182.58,4.99
1184.98,3.31,,1184.98,5.15,,1184.98,4.88
1187.39,3.29,,1187.39,5.02,,1187.39,5.03
1189.79,3.3,,1189.79,5.31,,1189.79,4.8
1192.19,3.4,,1192.19,5.24,,1192.19,4.97
1194.59,3.41,,1194.59,5.34,,1194.59,5.14
1197,3.46,,1197,5.25,,1197,5.16
1199.4,3.54,,1199.4,5.53,,1199.4,5.04
1201.8,3.71,,1201.8,5.49,,1201.8,5.19
1204.2,3.59,,1204.2,5.5,,1204.2,5.44
1206.61,3.74,,1206.61,5.44,,1206.61,5.54
1209.01,3.73,,1209.01,5.59,,1209.01,5.51
1211.41,3.74,,1211.41,5.72,,1211.41,5.4
1213.81,3.78,,1213.81,5.67,,1213.81,5.45
1216.22,3.9,,1216.22,5.84,,1216.22,5.73
1218.62,3.86,,1218.62,5.68,,1218.62,5.72
1221.02,4,,1221.02,6.05,,1221.02,5.8
1223.42,4.3,,1223.42,5.91,,1223.42,5.71
1225.83,4.25,,1225.83,5.81,,1225.83,5.97
1228.23,4.23,,1228.23,5.95,,1228.23,5.96
1230.63,4.61,,1230.63,6.11,,1230.63,6.04
1233.03,4.39,,1233.03,6.31,,1233.03,6.14
1235.44,4.38,,1235.44,6.17,,1235.44,6.44
1237.84,4.61,,1237.84,6.41,,1237.84,6.37
1240.24,4.72,,1240.24,6.56,,1240.24,6.43
1242.64,4.82,,1242.64,6.71,,1242.64,6.66
1245.05,5.15,,1245.05,6.43,,1245.05,6.9
1247.45,5.14,,1247.45,6.71,,1247.45,6.86
1249.85,5.12,,1249.85,6.84,,1249.85,6.87
1252.25,5.48,,1252.25,6.94,,1252.25,7.13
1254.65,5.42,,1254.65,7.03,,1254.65,7.27
1257.06,5.55,,1257.06,7.11,,1257.06,7.46
1259.46,5.78,,1259.46,7.32,,1259.46,7.55
1261.86,5.76,,1261.86,7.3,,1261.86,7.77
1264.26,6.05,,1264.26,7.4,,1264.26,7.96
1266.67,6.09,,1266.67,7.72,,1266.67,8.27
1269.07,6.43,,1269.07,7.87,,1269.07,8.32
1271.47,6.45,,1271.47,7.98,,1271.47,8.6
1273.87,6.64,,1273.87,8.18,,1273.87,8.6
1276.28,7,,1276.28,8.4,,1276.28,9.23
1278.68,7.06,,1278.68,8.45,,1278.68,9.22
1281.08,7.35,,1281.08,8.74,,1281.08,9.57
1283.48,7.59,,1283.48,9.02,,1283.48,9.61
1285.89,7.85,,1285.89,9.07,,1285.89,10.19
1288.29,8.2,,1288.29,9.26,,1288.29,10.37
1290.69,8.43,,1290.69,9.51,,1290.69,10.65
1293.09,8.78,,1293.09,9.74,,1293.09,11.03
1295.5,9.01,,1295.5,9.87,,1295.5,11.57
1297.9,9.33,,1297.9,10.25,,1297.9,11.84
1300.3,9.73,,1300.3,10.45,,1300.3,12.37
1302.7,10.11,,1302.7,10.69,,1302.7,12.78
1305.11,10.6,,1305.11,10.97,,1305.11,13.1
1307.51,10.84,,1307.51,11.48,,1307.51,13.75
1309.91,11.43,,1309.91,11.71,,1309.91,13.88
1312.31,11.58,,1312.31,11.97,,1312.31,14.43
1314.71,12.09,,1314.71,12.39,,1314.71,15.23
1317.12,12.63,,1317.12,12.52,,1317.12,15.61
1319.52,13.18,,1319.52,12.89,,1319.52,16.11
1321.92,13.52,,1321.92,13.11,,1321.92,16.79
1324.32,14.1,,1324.32,13.55,,1324.32,17.06
1326.73,14.62,,1326.73,13.88,,1326.73,17.6
1329.13,15.09,,1329.13,14.14,,1329.13,17.97
1331.53,15.4,,1331.53,14.51,,1331.53,18.63
1333.93,15.77,,1333.93,14.74,,1333.93,18.96
1336.34,16.21,,1336.34,14.85,,1336.34,19.47
1338.74,16.73,,1338.74,15.34,,1338.74,19.42
1341.14,17.01,,1341.14,15.66,,1341.14,19.95
1343.54,17.55,,1343.54,15.7,,1343.54,20.16
1345.95,17.68,,1345.95,15.88,,1345.95,20.28
1348.35,18.18,,1348.35,16.12,,1348.35,20.54
1350.75,18.15,,1350.75,16.51,,1350.75,20.43
1353.15,18.47,,1353.15,16.12,,1353.15,20.64
1355.56,18.8,,1355.56,16.38,,1355.56,20.42
1357.96,18.55,,1357.96,16.45,,1357.96,20.44
1360.36,18.74,,1360.36,16.58,,1360.36,20.18
1362.76,18.54,,1362.76,16.36,,1362.76,19.82
1365.17,18.44,,1365.17,16.28,,1365.17,19.65
1367.57,18.39,,1367.57,16.25,,1367.57,19.25
1369.97,18.15,,1369.97,16.18,,1369.97,18.92
1372.37,17.97,,1372.37,16.05,,1372.37,18.46
1374.77,17.5,,1374.77,15.83,,1374.77,18.14
1377.18,17.38,,1377.18,15.4,,1377.18,17.55
1379.58,16.98,,1379.58,15.49,,1379.58,17.17
1381.98,16.47,,1381.98,15.2,,1381.98,16.73
1384.38,16.35,,1384.38,14.92,,1384.38,16.18
1386.79,15.8,,1386.79,14.65,,1386.79,15.93
1389.19,15.38,,1389.19,14.36,,1389.19,15.47
1391.59,14.97,,1391.59,14.18,,1391.59,14.81
1393.99,14.59,,1393.99,13.62,,1393.99,14.64
1396.4,14.09,,1396.4,13.57,,1396.4,14.28
1398.8,13.82,,1398.8,13.25,,1398.8,13.66
1401.2,13.51,,1401.2,12.93,,1401.2,13.39
1403.6,13.1,,1403.6,12.63,,1403.6,12.95
1406.01,12.68,,1406.01,12.41,,1406.01,12.46
1408.41,12.31,,1408.41,11.97,,1408.41,12.46
1410.81,12.14,,1410.81,11.75,,1410.81,12.02
1413.21,11.77,,1413.21,11.71,,1413.21,11.85
1415.62,11.34,,1415.62,11.06,,1415.62,11.47
1418.02,11.07,,1418.02,11.13,,1418.02,11.21
1420.42,10.69,,1420.42,10.76,,1420.42,10.98
1422.82,10.74,,1422.82,10.51,,1422.82,10.91
1425.23,10.37,,1425.23,10.4,,1425.23,10.9
1427.63,10.1,,1427.63,10.12,,1427.63,10.5
1430.03,9.96,,1430.03,9.96,,1430.03,10.43
1432.43,9.96,,1432.43,9.68,,1432.43,10.14
1434.83,9.75,,1434.83,9.47,,1434.83,10.02
1437.24,9.71,,1437.24,9.32,,1437.24,10.02
1439.64,9.17,,1439.64,9.23,,1439.64,9.7
1442.04,9.42,,1442.04,9.18,,1442.04,9.75
1444.44,9.1,,1444.44,8.86,,1444.44,9.7
1446.85,8.88,,1446.85,8.82,,1446.85,9.59
1449.25,8.99,,1449.25,8.82,,1449.25,9.46
1451.65,8.98,,1451.65,8.8,,1451.65,9.43
1454.05,8.77,,1454.05,8.47,,1454.05,9.25
1456.46,8.67,,1456.46,8.47,,1456.46,9.14
1458.86,8.42,,1458.86,8.54,,1458.86,9.3
1461.26,8.39,,1461.26,8.27,,1461.26,9.23
1463.66,8.44,,1463.66,8.17,,1463.66,9.42
1466.07,8.44,,1466.07,8.16,,1466.07,9.25
1468.47,8.48,,1468.47,8.07,,1468.47,9.35
1470.87,8.57,,1470.87,8.13,,1470.87,9.16
1473.27,8.42,,1473.27,8.09,,1473.27,9.18
1475.68,8.48,,1475.68,7.96,,1475.68,9.39
1478.08,8.39,,1478.08,8.05,,1478.08,9.5
1480.48,8.43,,1480.48,7.8,,1480.48,9.36
1482.88,8.4,,1482.88,7.9,,1482.88,9.44
1485.29,8.69,,1485.29,8.05,,1485.29,9.55
1487.69,8.27,,1487.69,7.88,,1487.69,9.52
1490.09,8.47,,1490.09,7.95,,1490.09,9.52
1492.49,8.67,,1492.49,8.1,,1492.49,9.47
1494.89,8.47,,1494.89,8.16,,1494.89,9.77
1497.3,8.68,,1497.3,7.93,,1497.3,9.78
1499.7,8.54,,1499.7,8.16,,1499.7,9.78
1502.1,8.62,,1502.1,8.13,,1502.1,9.9
1504.5,8.89,,1504.5,8.08,,1504.5,9.94
1506.91,9.02,,1506.91,8.18,,1506.91,10.2
1509.31,8.97,,1509.31,8.1,,1509.31,10.19
1511.71,9.08,,1511.71,8.38,,1511.71,10.27
1514.11,8.95,,1514.11,8.43,,1514.11,10.25
1516.52,9.28,,1516.52,8.71,,1516.52,10.61
1518.92,9.3,,1518.92,8.56,,1518.92,10.83
1521.32,9.64,,1521.32,8.72,,1521.32,10.91
1523.72,9.57,,1523.72,8.78,,1523.72,11.03
1526.13,9.83,,1526.13,9.14,,1526.13,11.15
1528.53,9.74,,1528.53,9.13,,1528.53,11.43
1530.93,10.18,,1530.93,9.41,,1530.93,11.63
1533.33,10.32,,1533.33,9.45,,1533.33,12.09
1535.74,10.64,,1535.74,9.64,,1535.74,12.24
1538.14,10.65,,1538.14,9.74,,1538.14,12.51
1540.54,10.96,,1540.54,10.16,,1540.54,12.91
1542.94,11.1,,1542.94,10.38,,1542.94,13.19
1545.35,11.27,,1545.35,10.41,,1545.35,13.74
1547.75,11.52,,1547.75,10.79,,1547.75,13.97
1550.15,11.87,,1550.15,11.39,,1550.15,14.73
1552.55,12.14,,1552.55,11.54,,1552.55,15.11
1554.95,12.56,,1554.95,11.86,,1554.95,15.43
1557.36,12.7,,1557.36,11.91,,1557.36,15.93
1559.76,13.18,,1559.76,12.24,,1559.76,16.53
1562.16,13.33,,1562.16,12.78,,1562.16,17.08
1564.56,13.65,,1564.56,13.04,,1564.56,17.7
1566.97,13.95,,1566.97,13.43,,1566.97,18.41
1569.37,14.02,,1569.37,13.85,,1569.37,19.17
1571.77,14.44,,1571.77,14.28,,1571.77,19.7
1574.17,14.81,,1574.17,14.48,,1574.17,20.19
1576.58,14.71,,1576.58,14.95,,1576.58,20.69
1578.98,15.23,,1578.98,15,,1578.98,21.13
1581.38,15.21,,1581.38,15.13,,1581.38,21.56
1583.78,15.32,,1583.78,15.53,,1583.78,21.88
1586.19,15.37,,1586.19,15.91,,1586.19,22.11
1588.59,15.56,,1588.59,15.98,,1588.59,22.14
1590.99,15.46,,1590.99,16.11,,1590.99,21.9
1593.39,15.73,,1593.39,15.91,,1593.39,21.79
1595.8,15.68,,1595.8,15.89,,1595.8,21.62
1598.2,15.36,,1598.2,15.82,,1598.2,21.23
1600.6,15.25,,1600.6,15.76,,1600.6,20.58
1603,15,,1603,15.48,,1603,19.94
1605.41,14.6,,1605.41,15.16,,1605.41,19.22
1607.81,14.68,,1607.81,15.05,,1607.81,18.72
1610.21,14.23,,1610.21,14.69,,1610.21,17.81
1612.61,13.89,,1612.61,14.15,,1612.61,16.99
1615.02,13.63,,1615.02,13.99,,1615.02,16.22
1617.42,13.22,,1617.42,13.59,,1617.42,15.37
1619.82,12.75,,1619.82,12.88,,1619.82,14.52
1622.22,12.49,,1622.22,12.51,,1622.22,13.89
1624.62,11.89,,1624.62,12.27,,1624.62,13.16
1627.03,11.68,,1627.03,11.69,,1627.03,12.34
1629.43,11.1,,1629.43,11.21,,1629.43,11.93
1631.83,10.71,,1631.83,10.94,,1631.83,11.28
1634.23,10.19,,1634.23,10.49,,1634.23,10.6
1636.64,9.74,,1636.64,10.03,,1636.64,9.99
1639.04,9.38,,1639.04,9.45,,1639.04,9.43
1641.44,9.11,,1641.44,9.15,,1641.44,8.93
1643.84,8.67,,1643.84,8.59,,1643.84,8.59
1646.25,8.63,,1646.25,8.55,,1646.25,8.07
1648.65,8.13,,1648.65,7.93,,1648.65,7.64
1651.05,7.82,,1651.05,7.91,,1651.05,7.47
1653.45,7.33,,1653.45,7.63,,1653.45,6.9
1655.86,7.07,,1655.86,7.15,,1655.86,6.32
1658.26,6.66,,1658.26,6.73,,1658.26,6.18
1660.66,6.5,,1660.66,6.53,,1660.66,6.11
1663.06,6.48,,1663.06,6.25,,1663.06,5.79
1665.47,6.06,,1665.47,6.09,,1665.47,5.45
1667.87,5.83,,1667.87,5.79,,1667.87,5.24
1670.27,5.47,,1670.27,5.6,,1670.27,4.95
1672.67,5.46,,1672.67,5.42,,1672.67,4.74
1675.08,5.36,,1675.08,4.96,,1675.08,4.45
1677.48,5.11,,1677.48,4.7,,1677.48,4.39
1679.88,4.94,,1679.88,4.62,,1679.88,4.2
1682.28,4.78,,1682.28,4.28,,1682.28,4.11
1684.68,4.42,,1684.68,4.44,,1684.68,3.85
1687.09,4.26,,1687.09,4.11,,1687.09,3.67
1689.49,4.25,,1689.49,4.12,,1689.49,3.45
1691.89,3.8,,1691.89,3.86,,1691.89,3.41
1694.29,3.84,,1694.29,3.83,,1694.29,3.15
1696.7,4,,1696.7,3.63,,1696.7,2.98
1699.1,3.64,,1699.1,3.49,,1699.1,2.97
1701.5,3.59,,1701.5,3.46,,1701.5,2.99
1703.9,3.47,,1703.9,3.33,,1703.9,2.63
1706.31,3.14,,1706.31,3.29,,1706.31,2.8
1708.71,3.16,,1708.71,3.02,,1708.71,2.71
1711.11,3.05,,1711.11,3.13,,1711.11,2.43
1713.51,3.01,,1713.51,3.08,,1713.51,2.44
1715.92,2.87,,1715.92,2.92,,1715.92,2.43
1718.32,2.73,,1718.32,2.74,,1718.32,2.33
1720.72,2.76,,1720.72,2.7,,1720.72,2.22
1723.12,2.6,,1723.12,2.43,,1723.12,2.11
1725.53,2.36,,1725.53,2.58,,1725.53,2.03
1727.93,2.43,,1727.93,2.47,,1727.93,1.96
1730.33,2.27,,1730.33,2.39,,1730.33,1.91
1732.73,2.34,,1732.73,2.45,,1732.73,1.94
1735.14,2.35,,1735.14,2.13,,1735.14,1.88
1737.54,2.25,,1737.54,2.16,,1737.54,1.72
1739.94,2.27,,1739.94,1.91,,1739.94,1.78
1742.34,2.34,,1742.34,2.2,,1742.34,1.81
1744.74,2,,1744.74,1.93,,1744.74,1.89
1747.15,1.92,,1747.15,1.81,,1747.15,1.43
1749.55,1.83,,1749.55,1.87,,1749.55,1.55
1751.95,1.82,,1751.95,1.71,,1751.95,1.51
1754.35,1.82,,1754.35,1.95,,1754.35,1.54
1756.76,1.9,,1756.76,1.72,,1756.76,1.37
1759.16,1.78,,1759.16,1.63,,1759.16,1.53
1761.56,1.65,,1761.56,1.7,,1761.56,1.37
1763.96,1.71,,1763.96,1.85,,1763.96,1.19
1766.37,1.54,,1766.37,1.51,,1766.37,1.29
1768.77,1.47,,1768.77,1.49,,1768.77,1.2
1771.17,1.59,,1771.17,1.54,,1771.17,1.35
1773.57,1.3,,1773.57,1.4,,1773.57,1.1
1775.98,1.57,,1775.98,1.31,,1775.98,1.11
1778.38,1.36,,1778.38,1.28,,1778.38,1.35
1780.78,1.49,,1780.78,1.43,,1780.78,1.13
1783.18,1.3,,1783.18,1.3,,1783.18,0.93
1785.59,1.29,,1785.59,1.38,,1785.59,1.02
1787.99,1.31,,1787.99,1.2,,1787.99,1.12
1790.39,1.21,,1790.39,1.13,,1790.39,0.95
1792.79,1.32,,1792.79,1.22,,1792.79,1.04
1795.2,1.36,,1795.2,1.2,,1795.2,1.05
1797.6,1.13,,1797.6,1.15,,1797.6,0.91
1800,1.32,,1800,1.13,,1800,0.96
1802.4,1.18,,1802.4,1.11,,1802.4,1.06
1804.8,1.07,,1804.8,1.2,,1804.8,0.91
1807.21,1.25,,1807.21,1.17,,1807.21,0.8
1809.61,1.13,,1809.61,1.11,,1809.61,0.84
1812.01,1.13,,1812.01,1,,1812.01,0.81
1814.41,0.99,,1814.41,1.03,,1814.41,0.93
1816.82,1.14,,1816.82,1.21,,1816.82,0.73
1819.22,1.02,,1819.22,1.13,,1819.22,0.78
1821.62,1.08,,1821.62,0.83,,1821.62,0.9
1824.02,1.13,,1824.02,0.83,,1824.02,0.79
1826.43,0.91,,1826.43,0.87,,1826.43,0.85
1828.83,0.93,,1828.83,0.92,,1828.83,0.64
1831.23,0.94,,1831.23,0.86,,1831.23,0.97
1833.63,1.06,,1833.63,0.95,,1833.63,0.79
1836.04,0.97,,1836.04,0.8,,1836.04,0.84
1838.44,0.87,,1838.44,0.84,,1838.44,0.64
1840.84,1.04,,1840.84,0.95,,1840.84,0.63
1843.24,0.78,,1843.24,0.99,,1843.24,0.58
1845.65,0.85,,1845.65,0.93,,1845.65,0.57
1848.05,0.95,,1848.05,0.92,,1848.05,0.64
1850.45,0.89,,1850.45,0.8,,1850.45,0.56
1852.85,0.89,,1852.85,0.79,,1852.85,0.72
1855.26,0.89,,1855.26,0.83,,1855.26,0.66
1857.66,0.84,,1857.66,0.69,,1857.66,0.51
1860.06,0.78,,1860.06,0.88,,1860.06,0.46
1862.46,0.75,,1862.46,0.74,,1862.46,0.71
1864.86,0.76,,1864.86,0.79,,1864.86,0.63
1867.27,0.81,,1867.27,0.99,,1867.27,0.46
1869.67,0.84,,1869.67,0.64,,1869.67,0.83
1872.07,0.59,,1872.07,0.59,,1872.07,0.52
1874.47,0.58,,1874.47,0.62,,1874.47,0.64
1876.88,0.8,,1876.88,0.69,,1876.88,0.53
1879.28,0.72,,1879.28,0.61,,1879.28,0.47
1881.68,0.78,,1881.68,0.51,,1881.68,0.56
1884.08,0.82,,1884.08,0.53,,1884.08,0.62
1886.49,0.57,,1886.49,0.68,,1886.49,0.6
1888.89,0.8,,1888.89,0.58,,1888.89,0.51
1891.29,0.64,,1891.29,0.63,,1891.29,0.47
1893.69,0.71,,1893.69,0.55,,1893.69,0.38
1896.1,0.8,,1896.1,0.6,,1896.1,0.59
1898.5,0.69,,1898.5,0.65,,1898.5,0.37
1900.9,0.59,,1900.9,0.5,,1900.9,0.47
1903.3,0.64,,1903.3,0.44,,1903.3,0.62
1905.71,0.74,,1905.71,0.67,,1905.71,0.47
1908.11,0.62,,1908.11,0.53,,1908.11,0.64
1910.51,0.57,,1910.51,0.73,,1910.51,0.76
1912.91,0.55,,1912.91,0.59,,1912.91,0.49
1915.32,0.63,,1915.32,0.57,,1915.32,0.51
1917.72,0.46,,1917.72,0.49,,1917.72,0.53
1920.12,0.78,,1920.12,0.47,,1920.12,0.42
1922.52,0.48,,1922.52,0.53,,1922.52,0.42
1924.92,0.48,,1924.92,0.51,,1924.92,0.36
1927.33,0.61,,1927.33,0.54,,1927.33,0.34
1929.73,0.47,,1929.73,0.48,,1929.73,0.47
1932.13,0.57,,1932.13,0.61,,1932.13,0.28
1934.53,0.52,,1934.53,0.57,,1934.53,0.47
1936.94,0.69,,1936.94,0.69,,1936.94,0.62
1939.34,0.5,,1939.34,0.64,,1939.34,0.49
1941.74,0.47,,1941.74,0.46,,1941.74,0.38
1944.14,0.55,,1944.14,0.5,,1944.14,0.36
1946.55,0.32,,1946.55,0.37,,1946.55,0.55
1948.95,0.56,,1948.95,0.39,,1948.95,0.47
1951.35,0.54,,1951.35,0.38,,1951.35,0.34
1953.75,0.56,,1953.75,0.62,,1953.75,0.32
1956.16,0.51,,1956.16,0.47,,1956.16,0.37
1958.56,0.33,,1958.56,0.39,,1958.56,0.44
1960.96,0.48,,1960.96,0.6,,1960.96,0.49
1963.36,0.49,,1963.36,0.42,,1963.36,0.43
1965.77,0.47,,1965.77,0.61,,1965.77,0.48
1968.17,0.13,,1968.17,0.52,,1968.17,0.29
1970.57,0.4,,1970.57,0.43,,1970.57,0.4
1972.97,0.41,,1972.97,0.34,,1972.97,0.54
1975.38,0.52,,1975.38,0.27,,1975.38,0.41
1977.78,0.47,,1977.78,0.46,,1977.78,0.31
1980.18,0.46,,1980.18,0.52,,1980.18,0.28
1982.58,0.42,,1982.58,0.32,,1982.58,0.36
1984.98,0.47,,1984.98,0.39,,1984.98,0.55
1987.39,0.44,,1987.39,0.47,,1987.39,0.33
1989.79,0.34,,1989.79,0.39,,1989.79,0.3
1992.19,0.35,,1992.19,0.23,,1992.19,0.28
1994.59,0.39,,1994.59,0.59,,1994.59,0.37
1997,0.31,,1997,0.52,,1997,0.43
1999.4,0.41,,1999.4,0.23,,1999.4,0.36
2001.8,0.28,,2001.8,0.33,,2001.8,0.46
2004.2,0.31,,2004.2,0.4,,2004.2,0.22
2006.61,0.26,,2006.61,0.37,,2006.61,0.4
2009.01,0.37,,2009.01,0.35,,2009.01,0.55
2011.41,0.38,,2011.41,0.4,,2011.41,0.3
2013.81,0.44,,2013.81,0.37,,2013.81,0.2
2016.22,0.26,,2016.22,0.3,,2016.22,0.2
2018.62,0.46,,2018.62,0.43,,2018.62,0.28
2021.02,0.34,,2021.02,0.44,,2021.02,0.43
2023.42,0.39,,2023.42,0.61,,2023.42,0.39
2025.83,0.24,,2025.83,0.33,,2025.83,0.27
2028.23,0.23,,2028.23,0.17,,2028.23,0.31
2030.63,0.3,,2030.63,0.5,,2030.63,0.43
2033.03,0.22,,2033.03,0.18,,2033.03,0.29
2035.44,0.17,,2035.44,0.24,,2035.44,0.36
2037.84,0.62,,2037.84,0.3,,2037.84,0.43
2040.24,0.25,,2040.24,0.36,,2040.24,0.28
2042.64,0.42,,2042.64,0.23,,2042.64,0.13
2045.05,0.23,,2045.05,0.23,,2045.05,0.19
2047.45,0.32,,2047.45,0.27,,2047.45,0.35
2049.85,0.42,,2049.85,0.48,,2049.85,0.44
2052.25,0.42,,2052.25,0.4,,2052.25,0.18
2054.65,0.4,,2054.65,0.38,,2054.65,0.44
2057.06,0.29,,2057.06,0.41,,2057.06,0.2
2059.46,0.29,,2059.46,0.35,,2059.46,0.29
2061.86,0.29,,2061.86,0.27,,2061.86,0.35
2064.26,0.35,,2064.26,0.21,,2064.26,0.16
2066.67,0.33,,2066.67,0.32,,2066.67,0.39
2069.07,0.45,,2069.07,0.19,,2069.07,0.11
2071.47,0.16,,2071.47,0.18,,2071.47,0.29
2073.87,0.36,,2073.87,0.43,,2073.87,0.32
2076.28,0.49,,2076.28,0.3,,2076.28,0.37
2078.68,0.24,,2078.68,0.22,,2078.68,0.05
2081.08,0.42,,2081.08,0.29,,2081.08,0.18
2083.48,0.27,,2083.48,0.33,,2083.48,0.31
2085.89,0.51,,2085.89,0.02,,2085.89,0.35
2088.29,0.17,,2088.29,0.2,,2088.29,0.18
2090.69,0.28,,2090.69,0.39,,2090.69,0.3
2093.09,0.38,,2093.09,0.25,,2093.09,0.44
2095.5,0.18,,2095.5,0.14,,2095.5,0.27
2097.9,0.3,,2097.9,0.17,,2097.9,0.34
2100.3,0.21,,2100.3,0.36,,2100.3,0.27
2102.7,0.3,,2102.7,0.36,,2102.7,0.31
2105.11,0.12,,2105.11,0.28,,2105.11,0.23
2107.51,0.21,,2107.51,0.16,,2107.51,0.12
2109.91,0.26,,2109.91,0.41,,2109.91,0.19
2112.31,0.23,,2112.31,0.46,,2112.31,0.18
2114.71,0.16,,2114.71,0.35,,2114.71,0.28
2117.12,0.23,,2117.12,0.32,,2117.12,0.42
2119.52,0.39,,2119.52,0.01,,2119.52,0.2
2121.92,0.36,,2121.92,0.23,,2121.92,-0.07
2124.32,0.18,,2124.32,0.25,,2124.32,0.19
2126.73,0.28,,2126.73,0.17,,2126.73,0.28
2129.13,0.22,,2129.13,0.2,,2129.13,0.2
2131.53,0.15,,2131.53,0.25,,2131.53,0.12
2133.93,0.15,,2133.93,0.26,,2133.93,0.24
2136.34,0.25,,2136.34,0.3,,2136.34,0.1
2138.74,0.37,,2138.74,0.08,,2138.74,0.07
2141.14,0.36,,2141.14,0.45,,2141.14,0.27
2143.54,0.07,,2143.54,0.11,,2143.54,0.15
2145.95,0.04,,2145.95,0,,2145.95,0.31
2148.35,0.21,,2148.35,0.18,,2148.35,0.22
2150.75,0.32,,2150.75,0.34,,2150.75,0.18
2153.15,0.33,,2153.15,0.07,,2153.15,0.45
2155.56,0.35,,2155.56,0.19,,2155.56,0.16
2157.96,0.2,,2157.96,0.27,,2157.96,0.18
2160.36,0.16,,2160.36,0.33,,2160.36,0.3
2162.76,0.38,,2162.76,0.27,,2162.76,0.25
2165.17,0.35,,2165.17,0.04,,2165.17,0.31
2167.57,0.2,,2167.57,0.29,,2167.57,0.15
2169.97,0.03,,2169.97,0.17,,2169.97,0.25
2172.37,0.12,,2172.37,0.06,,2172.37,0.22
2174.77,0.33,,2174.77,0.25,,2174.77,0.22
2177.18,0.07,,2177.18,0.53,,2177.18,0.2
2179.58,0.3,,2179.58,0.34,,2179.58,0.06
2181.98,0.12,,2181.98,0.16,,2181.98,0.04
2184.38,0.27,,2184.38,0.28,,2184.38,0.29
2186.79,0.26,,2186.79,0.21,,2186.79,0.14
2189.19,0.08,,2189.19,0.34,,2189.19,0
2191.59,0.26,,2191.59,0.13,,2191.59,0.2
2193.99,0.23,,2193.99,0.31,,2193.99,0.19
2196.4,0.07,,2196.4,0.31,,2196.4,0.2
2198.8,0.18,,2198.8,0.09,,2198.8,0.01
2201.2,0.27,,2201.2,0.32,,2201.2,0.13
2203.6,0.2,,2203.6,0.2,,2203.6,0.31
2206.01,0.29,,2206.01,0.16,,2206.01,0.14
2208.41,0.38,,2208.41,0.21,,2208.41,0.13
2210.81,0.3,,2210.81,0.21,,2210.81,0.27
2213.21,0.1,,2213.21,0.23,,2213.21,0.19
2215.62,0.05,,2215.62,0.05,,2215.62,0.12
2218.02,0.22,,2218.02,0.13,,2218.02,0.26
2220.42,0.3,,2220.42,0.28,,2220.42,0.19
2222.82,0.09,,2222.82,-0.06,,2222.82,0.07
2225.23,0.19,,2225.23,0.29,,2225.23,0.36
2227.63,0.08,,2227.63,0.17,,2227.63,-0.01
2230.03,0.19,,2230.03,0.05,,2230.03,0.1
2232.43,0.38,,2232.43,0.24,,2232.43,0.25
2234.83,0.12,,2234.83,0.33,,2234.83,0.13
2237.24,0.14,,2237.24,0.03,,2237.24,0.19
2239.64,-0.03,,2239.64,0.07,,2239.64,0.23
2242.04,0.16,,2242.04,0.26,,2242.04,0.02
2244.44,0.16,,2244.44,0.26,,2244.44,-0.11
2246.85,0.28,,2246.85,0.16,,2246.85,0.03
2249.25,0.04,,2249.25,0.05,,2249.25,0.11
2251.65,0.16,,2251.65,0.17,,2251.65,0.19
2254.05,0.16,,2254.05,0.2,,2254.05,0.12
2256.46,0.03,,2256.46,0.37,,2256.46,0.07
2258.86,0.37,,2258.86,0.09,,2258.86,0.31
2261.26,0.1,,2261.26,0.11,,2261.26,0.2
2263.66,0.09,,2263.66,0.14,,2263.66,0.04
2266.07,0.27,,2266.07,0.07,,2266.07,0.07
2268.47,0.26,,2268.47,0.29,,2268.47,0.09
2270.87,0.16,,2270.87,0.03,,2270.87,0.19
2273.27,0.16,,2273.27,0.16,,2273.27,0.27
2275.68,0.01,,2275.68,0.24,,2275.68,0.06
2278.08,0.13,,2278.08,0.1,,2278.08,-0.03
2280.48,0.06,,2280.48,0.33,,2280.48,0.04
2282.88,0.08,,2282.88,0.08,,2282.88,0.05
2285.29,0.02,,2285.29,0.05,,2285.29,0.11
2287.69,0.04,,2287.69,0.03,,2287.69,0.17
2290.09,0.1,,2290.09,0.08,,2290.09,0.25
2292.49,0.11,,2292.49,0.4,,2292.49,0.13
2294.89,0.16,,2294.89,0.19,,2294.89,0.09
2297.3,0.2,,2297.3,0.41,,2297.3,0.12
2299.7,0.08,,2299.7,0.22,,2299.7,0.01
2302.1,-0.02,,2302.1,0.34,,2302.1,0.08
2304.5,0.24,,2304.5,0.02,,2304.5,0.04
2306.91,0.2,,2306.91,0.01,,2306.91,0.16
2309.31,-0.1,,2309.31,0.18,,2309.31,0.19
2311.71,0.14,,2311.71,0.15,,2311.71,-0.01
2314.11,0.21,,2314.11,0.05,,2314.11,0.18
2316.52,0.08,,2316.52,0.06,,2316.52,0.1
2318.92,0.06,,2318.92,0.13,,2318.92,0.05
2321.32,-0.01,,2321.32,0.07,,2321.32,0.03
2323.72,0.1,,2323.72,0.14,,2323.72,0.05
2326.13,0.15,,2326.13,0.08,,2326.13,0.11
2328.53,0.09,,2328.53,0.17,,2328.53,0.19
2330.93,0.21,,2330.93,0.18,,2330.93,0.25
2333.33,0.24,,2333.33,0.04,,2333.33,0.22
2335.74,0.09,,2335.74,0.17,,2335.74,0.17
2338.14,0.34,,2338.14,0.11,,2338.14,-0.04
2340.54,0.19,,2340.54,-0.08,,2340.54,0.19
2342.94,0.14,,2342.94,0.02,,2342.94,0.03
2345.35,0.04,,2345.35,-0.04,,2345.35,0.3
2347.75,0.21,,2347.75,0.19,,2347.75,0.14
2350.15,0.14,,2350.15,0.15,,2350.15,0.14
2352.55,-0.02,,2352.55,0.36,,2352.55,-0.05
2354.95,0.01,,2354.95,0.24,,2354.95,0.23
2357.36,0.13,,2357.36,0.04,,2357.36,0.05
2359.76,0.22,,2359.76,0.07,,2359.76,0.16
2362.16,-0.01,,2362.16,0.11,,2362.16,0.28
2364.56,0.22,,2364.56,0.13,,2364.56,-0.03
2366.97,0.12,,2366.97,-0.03,,2366.97,0.12
2369.37,0.03,,2369.37,-0.1,,2369.37,0.2
2371.77,0.09,,2371.77,0.18,,2371.77,0.24
2374.17,0.09,,2374.17,0.2,,2374.17,0.19
2376.58,0.07,,2376.58,-0.12,,2376.58,0.19
2378.98,0.21,,2378.98,0.22,,2378.98,0.21
2381.38,0.21,,2381.38,0.18,,2381.38,0.14
2383.78,0.21,,2383.78,0.1,,2383.78,0.23
2386.19,0.04,,2386.19,0.18,,2386.19,0.14
2388.59,0.12,,2388.59,0.21,,2388.59,0.12
2390.99,-0.01,,2390.99,0.21,,2390.99,0.03
2393.39,0.09,,2393.39,0.07,,2393.39,0.09
2395.8,-0.01,,2395.8,0.07,,2395.8,0.07
2398.2,0.22,,2398.2,0.1,,2398.2,0.19
2400.6,0.05,,2400.6,0.16,,2400.6,0.16
2403,0.13,,2403,0.06,,2403,-0.01
2405.41,0.19,,2405.41,0.1,,2405.41,0.12
2407.81,0.16,,2407.81,0.15,,2407.81,-0.01
2410.21,0.05,,2410.21,0.22,,2410.21,0.12
2412.61,0.1,,2412.61,0.14,,2412.61,0.26
2415.02,0.26,,2415.02,0.21,,2415.02,0.01
2417.42,0.09,,2417.42,0.16,,2417.42,0.22
2419.82,-0.1,,2419.82,0.05,,2419.82,0.28
2422.22,0.13,,2422.22,0.09,,2422.22,0.09
2424.62,0.2,,2424.62,0.12,,2424.62,0.05
2427.03,0.17,,2427.03,0.14,,2427.03,0.23
2429.43,0.08,,2429.43,0.2,,2429.43,-0.02
2431.83,0.26,,2431.83,-0.05,,2431.83,0.03
2434.23,0.08,,2434.23,0.15,,2434.23,0.21
2436.64,0.18,,2436.64,-0.06,,2436.64,0.07
2439.04,0.1,,2439.04,0.12,,2439.04,0.01
2441.44,0.11,,2441.44,0.01,,2441.44,0.06
2443.84,0.24,,2443.84,0.02,,2443.84,0.07
2446.25,0.04,,2446.25,0.09,,2446.25,0.06
2448.65,-0.08,,2448.65,0.16,,2448.65,0.1
2451.05,0.09,,2451.05,0.08,,2451.05,0.1
2453.45,0.17,,2453.45,-0.05,,2453.45,-0.12
2455.86,0.12,,2455.86,0.02,,2455.86,0.1
2458.26,0.08,,2458.26,0.03,,2458.26,0.1
2460.66,0.05,,2460.66,0.15,,2460.66,0.17
2463.06,0.22,,2463.06,0.01,,2463.06,0.02
2465.47,0.2,,2465.47,0.03,,2465.47,0.07
2467.87,0.22,,2467.87,0.16,,2467.87,0.06
2470.27,0.21,,2470.27,0.18,,2470.27,0.01
2472.67,0.07,,2472.67,0.1,,2472.67,0.07
2475.08,-0.06,,2475.08,0.01,,2475.08,-0.06
2477.48,-0.03,,2477.48,0.33,,2477.48,0.18
2479.88,0.21,,2479.88,-0.02,,2479.88,0.1
2482.28,0.13,,2482.28,0.14,,2482.28,-0.01
2484.68,0.19,,2484.68,0.15,,2484.68,0.06
2487.09,0.07,,2487.09,0.03,,2487.09,0.15
2489.49,0.25,,2489.49,-0.06,,2489.49,0.18
2491.89,0.19,,2491.89,-0.04,,2491.89,0.09
2494.29,0.04,,2494.29,0.09,,2494.29,0
2496.7,0.1,,2496.7,0.17,,2496.7,-0.02
2499.1,0.1,,2499.1,-0.03,,2499.1,0.05
2501.5,0.16,,2501.5,0.07,,2501.5,0.13
2503.9,0.02,,2503.9,-0.03,,2503.9,-0.08
2506.31,0.11,,2506.31,0.02,,2506.31,0.01
2508.71,0.07,,2508.71,0.1,,2508.71,-0.01
2511.11,0.32,,2511.11,0.07,,2511.11,0.03
2513.51,0.04,,2513.51,0.22,,2513.51,0.01
2515.92,0.23,,2515.92,0.15,,2515.92,0.11
2518.32,0.15,,2518.32,-0.05,,2518.32,0.07
2520.72,0.14,,2520.72,0.15,,2520.72,0.07
2523.12,0.08,,2523.12,0.06,,2523.12,-0.04
2525.53,0.11,,2525.53,0.27,,2525.53,0.17
2527.93,0.06,,2527.93,0.03,,2527.93,0.09
2530.33,-0.06,,2530.33,0.1,,2530.33,0.25
2532.73,0.06,,2532.73,0.07,,2532.73,0.02
2535.14,0.06,,2535.14,0.21,,2535.14,0.15
2537.54,0.02,,2537.54,0.3,,2537.54,0.27
2539.94,0.29,,2539.94,0.01,,2539.94,0.1
2542.34,0.11,,2542.34,0.03,,2542.34,0.11
2544.74,0.08,,2544.74,0.09,,2544.74,0.08
2547.15,0.24,,2547.15,0.19,,2547.15,0.01
2549.55,-0.08,,2549.55,0.19,,2549.55,0.05
2551.95,0.04,,2551.95,0.05,,2551.95,0.08
2554.35,0.28,,2554.35,0.18,,2554.35,0.07
2556.76,0.01,,2556.76,-0.05,,2556.76,0.03
2559.16,0.11,,2559.16,0.11,,2559.16,-0.02
2561.56,0.02,,2561.56,0.04,,2561.56,-0.1
2563.96,0.32,,2563.96,0.14,,2563.96,0.12
2566.37,0.05,,2566.37,-0.05,,2566.37,0.25
2568.77,-0.03,,2568.77,0.07,,2568.77,0.11
2571.17,0,,2571.17,0.03,,2571.17,0.05
2573.57,0.01,,2573.57,0.17,,2573.57,-0.06
2575.98,0.09,,2575.98,0.18,,2575.98,0.13
2578.38,0.05,,2578.38,0.1,,2578.38,-0.02
2580.78,0.15,,2580.78,0.06,,2580.78,-0.02
2583.18,0.18,,2583.18,0.04,,2583.18,0.17
2585.59,0.07,,2585.59,0.15,,2585.59,0.15
2587.99,0.08,,2587.99,0.19,,2587.99,0.02
2590.39,0.24,,2590.39,0.19,,2590.39,-0.07
2592.79,0.18,,2592.79,0.08,,2592.79,-0.02
2595.2,0.15,,2595.2,0.16,,2595.2,0.09
2597.6,0.05,,2597.6,0.22,,2597.6,0.02
2600,-0.07,,2600,-0.08,,2600,0.05
